{"cameraMode":{"drawMode":0,"name":"Shaded","section":"Shading Mode"},"sceneLighting":false,"audioPlay":false,"sceneViewState":{"showFog":true,"showMaterialUpdate":false,"showSkybox":false,"showFlares":true,"showImageEffects":true,"showParticleSystems":true},"in2DMode":false,"pivot":{"x":0.0,"y":22.540000915527345,"z":-18.520000457763673},"rotation":{"x":-0.043430157005786899,"y":0.70976722240448,"z":-0.043927449733018878,"w":-0.7017226815223694},"size":27.086576461791993,"orthographic":false}